year,imd_decile,ethnic_group,infant_deaths,infant_mortality_rate,rate_unreliable_flag
2019,1,Asian,110,8.0,False
2019,1,Black,43,6.6,False
2019,1,Mixed_or_multiple,33,6.2,False
2019,1,Any_Other_ethnic_group,18,6.0,True
2019,1,White,199,3.9,False
2019,2,Asian,73,5.9,False
2019,2,Black,44,6.4,False
2019,2,Mixed_or_multiple,14,2.5,True
2019,2,Any_Other_ethnic_group,15,6.2,True
2019,2,White,163,3.6,False
2019,3,Asian,62,5.6,False
2019,3,Black,38,6.6,False
2019,3,Mixed_or_multiple,17,3.2,True
2019,3,Any_Other_ethnic_group,3,1.2,True
2019,3,White,144,3.2,False
2019,4,Asian,43,4.8,False
2019,4,Black,22,6.1,False
2019,4,Mixed_or_multiple,26,5.7,False
2019,4,Any_Other_ethnic_group,4,2.2,True
2019,4,White,145,3.3,False
2019,5,Asian,33,4.7,False
2019,5,Black,18,7.0,True
2019,5,Mixed_or_multiple,11,2.7,True
2019,5,Any_Other_ethnic_group,5,3.7,True
2019,5,White,131,3.0,False
2019,6,Asian,31,5.5,False
2019,6,Black,9,4.9,True
2019,6,Mixed_or_multiple,9,2.4,True
2019,6,Any_Other_ethnic_group,5,4.2,True
2019,6,White,127,2.9,False
2019,7,Asian,15,3.5,True
2019,7,Black,8,6.5,True
2019,7,Mixed_or_multiple,8,2.4,True
2019,7,Any_Other_ethnic_group,4,4.4,True
2019,7,White,108,2.6,False
2019,8,Asian,14,3.7,True
2019,8,Black,6,6.2,True
2019,8,Mixed_or_multiple,11,3.4,True
2019,8,Any_Other_ethnic_group,1,,True
2019,8,White,100,2.4,False
2019,9,Asian,13,4.0,True
2019,9,Black,7,9.0,True
2019,9,Mixed_or_multiple,10,3.3,True
2019,9,Any_Other_ethnic_group,0,,True
2019,9,White,87,2.2,False
2019,10,Asian,7,2.5,True
2019,10,Black,1,,True
2019,10,Mixed_or_multiple,4,1.4,True
2019,10,Any_Other_ethnic_group,0,,True
2019,10,White,83,2.3,False
2019,Total,Asian,401,5.5,False
2019,Total,Black,196,6.4,False
2019,Total,Mixed_or_multiple,143,3.5,False
2019,Total,Any_Other_ethnic_group,55,3.6,False
2019,Total,White,1287,3.0,False
2018,1,Asian,84,6.2,False
2018,1,Black,35,5.4,False
2018,1,Mixed_or_multiple,24,4.5,False
2018,1,Any_Other_ethnic_group,13,4.4,True
2018,1,White,237,4.4,False
2018,2,Asian,74,6.1,False
2018,2,Black,43,6.1,False
2018,2,Mixed_or_multiple,20,3.7,False
2018,2,Any_Other_ethnic_group,11,4.2,True
2018,2,White,169,3.5,False
2018,3,Asian,65,5.8,False
2018,3,Black,42,7.1,False
2018,3,Mixed_or_multiple,13,2.5,True
2018,3,Any_Other_ethnic_group,6,2.3,True
2018,3,White,143,3.1,False
2018,4,Asian,37,4.1,False
2018,4,Black,26,6.8,False
2018,4,Mixed_or_multiple,19,4.2,True
2018,4,Any_Other_ethnic_group,9,4.7,True
2018,4,White,168,3.7,False
2018,5,Asian,24,3.6,False
2018,5,Black,16,6.1,True
2018,5,Mixed_or_multiple,20,4.9,False
2018,5,Any_Other_ethnic_group,1,,True
2018,5,White,120,2.7,False
2018,6,Asian,24,4.4,False
2018,6,Black,17,9.6,True
2018,6,Mixed_or_multiple,12,3.2,True
2018,6,Any_Other_ethnic_group,5,4.2,True
2018,6,White,127,2.8,False
2018,7,Asian,20,4.7,False
2018,7,Black,12,9.6,True
2018,7,Mixed_or_multiple,8,2.3,True
2018,7,Any_Other_ethnic_group,4,4.4,True
2018,7,White,126,2.9,False
2018,8,Asian,18,4.9,True
2018,8,Black,6,6.3,True
2018,8,Mixed_or_multiple,10,3.2,True
2018,8,Any_Other_ethnic_group,4,4.7,True
2018,8,White,94,2.2,False
2018,9,Asian,14,4.5,True
2018,9,Black,2,,True
2018,9,Mixed_or_multiple,6,2.0,True
2018,9,Any_Other_ethnic_group,4,6.1,True
2018,9,White,129,3.1,False
2018,10,Asian,4,1.4,True
2018,10,Black,4,9.2,True
2018,10,Mixed_or_multiple,10,3.7,True
2018,10,Any_Other_ethnic_group,2,,True
2018,10,White,95,2.6,False
2018,Total,Asian,364,5.1,False
2018,Total,Black,203,6.5,False
2018,Total,Mixed_or_multiple,142,3.5,False
2018,Total,Any_Other_ethnic_group,59,3.8,False
2018,Total,White,1408,3.1,False
2017,1,Asian,103,7.2,False
2017,1,Black,54,8.1,False
2017,1,Mixed_or_multiple,25,4.6,False
2017,1,Any_Other_ethnic_group,15,5.1,True
2017,1,White,244,4.3,False
2017,2,Asian,89,7.0,False
2017,2,Black,38,5.1,False
2017,2,Mixed_or_multiple,23,4.2,False
2017,2,Any_Other_ethnic_group,11,4.2,True
2017,2,White,175,3.5,False
2017,3,Asian,58,5.0,False
2017,3,Black,40,6.3,False
2017,3,Mixed_or_multiple,26,4.9,False
2017,3,Any_Other_ethnic_group,8,3.2,True
2017,3,White,162,3.4,False
2017,4,Asian,53,5.7,False
2017,4,Black,26,6.7,False
2017,4,Mixed_or_multiple,19,4.0,True
2017,4,Any_Other_ethnic_group,12,6.5,True
2017,4,White,164,3.5,False
2017,5,Asian,28,3.9,False
2017,5,Black,14,5.1,True
2017,5,Mixed_or_multiple,9,2.2,True
2017,5,Any_Other_ethnic_group,4,3.0,True
2017,5,White,157,3.4,False
2017,6,Asian,22,3.9,False
2017,6,Black,14,7.7,True
2017,6,Mixed_or_multiple,11,3.0,True
2017,6,Any_Other_ethnic_group,4,3.3,True
2017,6,White,147,3.2,False
2017,7,Asian,22,5.0,False
2017,7,Black,7,5.8,True
2017,7,Mixed_or_multiple,10,3.1,True
2017,7,Any_Other_ethnic_group,3,3.4,True
2017,7,White,106,2.4,False
2017,8,Asian,22,6.0,False
2017,8,Black,8,8.0,True
2017,8,Mixed_or_multiple,20,6.6,False
2017,8,Any_Other_ethnic_group,2,,True
2017,8,White,93,2.2,False
2017,9,Asian,17,5.2,True
2017,9,Black,10,12.8,True
2017,9,Mixed_or_multiple,15,5.1,True
2017,9,Any_Other_ethnic_group,2,,True
2017,9,White,111,2.6,False
2017,10,Asian,13,4.6,True
2017,10,Black,5,11.7,True
2017,10,Mixed_or_multiple,10,3.9,True
2017,10,Any_Other_ethnic_group,4,8.4,True
2017,10,White,79,2.1,False
2017,Total,Asian,427,5.7,False
2017,Total,Black,216,6.7,False
2017,Total,Mixed_or_multiple,168,4.2,False
2017,Total,Any_Other_ethnic_group,65,4.2,False
2017,Total,White,1438,3.1,False
2016,1,Asian,110,7.4,False
2016,1,Black,66,9.8,False
2016,1,Mixed_or_multiple,31,5.6,False
2016,1,Any_Other_ethnic_group,8,2.6,True
2016,1,White,282,4.9,False
2016,2,Asian,74,5.5,False
2016,2,Black,40,5.1,False
2016,2,Mixed_or_multiple,28,5.0,False
2016,2,Any_Other_ethnic_group,12,4.3,True
2016,2,White,214,4.2,False
2016,3,Asian,49,4.1,False
2016,3,Black,49,7.3,False
2016,3,Mixed_or_multiple,13,2.4,True
2016,3,Any_Other_ethnic_group,10,3.8,True
2016,3,White,169,3.4,False
2016,4,Asian,55,5.7,False
2016,4,Black,23,5.7,False
2016,4,Mixed_or_multiple,15,3.2,True
2016,4,Any_Other_ethnic_group,3,1.5,True
2016,4,White,154,3.2,False
2016,5,Asian,36,4.9,False
2016,5,Black,21,7.4,False
2016,5,Mixed_or_multiple,21,5.1,False
2016,5,Any_Other_ethnic_group,5,3.5,True
2016,5,White,151,3.1,False
2016,6,Asian,25,4.2,False
2016,6,Black,8,4.2,True
2016,6,Mixed_or_multiple,3,0.8,True
2016,6,Any_Other_ethnic_group,2,,True
2016,6,White,130,2.7,False
2016,7,Asian,30,6.7,False
2016,7,Black,11,9.0,True
2016,7,Mixed_or_multiple,14,4.3,True
2016,7,Any_Other_ethnic_group,3,3.4,True
2016,7,White,135,3.0,False
2016,8,Asian,23,6.0,False
2016,8,Black,7,7.0,True
2016,8,Mixed_or_multiple,6,1.9,True
2016,8,Any_Other_ethnic_group,0,,True
2016,8,White,105,2.4,False
2016,9,Asian,5,1.5,True
2016,9,Black,2,,True
2016,9,Mixed_or_multiple,11,3.7,True
2016,9,Any_Other_ethnic_group,3,4.3,True
2016,9,White,106,2.5,False
2016,10,Asian,12,4.2,True
2016,10,Black,5,11.8,True
2016,10,Mixed_or_multiple,5,1.9,True
2016,10,Any_Other_ethnic_group,3,6.3,True
2016,10,White,90,2.3,False
2016,Total,Asian,419,5.4,False
2016,Total,Black,232,6.9,False
2016,Total,Mixed_or_multiple,147,3.6,False
2016,Total,Any_Other_ethnic_group,49,3.1,False
2016,Total,White,1536,3.2,False
2015,1,Asian,111,7.1,False
2015,1,Black,47,5.9,False
2015,1,Mixed_or_multiple,25,4.2,False
2015,1,Any_Other_ethnic_group,17,5.0,True
2015,1,White,257,4.5,False
2015,2,Asian,68,5.0,False
2015,2,Black,41,4.8,False
2015,2,Mixed_or_multiple,25,4.3,False
2015,2,Any_Other_ethnic_group,12,4.3,True
2015,2,White,207,3.9,False
2015,3,Asian,46,3.8,False
2015,3,Black,25,4.1,False
2015,3,Mixed_or_multiple,28,5.5,False
2015,3,Any_Other_ethnic_group,7,2.8,True
2015,3,White,182,3.5,False
2015,4,Asian,32,3.5,False
2015,4,Black,29,7.8,False
2015,4,Mixed_or_multiple,20,4.5,False
2015,4,Any_Other_ethnic_group,7,4.1,True
2015,4,White,139,2.8,False
2015,5,Asian,39,5.6,False
2015,5,Black,13,5.2,True
2015,5,Mixed_or_multiple,7,1.9,True
2015,5,Any_Other_ethnic_group,1,,True
2015,5,White,143,3.0,False
2015,6,Asian,15,2.9,True
2015,6,Black,7,4.6,True
2015,6,Mixed_or_multiple,10,2.9,True
2015,6,Any_Other_ethnic_group,2,,True
2015,6,White,135,2.8,False
2015,7,Asian,22,5.5,False
2015,7,Black,7,6.4,True
2015,7,Mixed_or_multiple,5,1.7,True
2015,7,Any_Other_ethnic_group,3,3.3,True
2015,7,White,116,2.5,False
2015,8,Asian,18,4.9,True
2015,8,Black,4,4.7,True
2015,8,Mixed_or_multiple,13,4.5,True
2015,8,Any_Other_ethnic_group,2,,True
2015,8,White,109,2.4,False
2015,9,Asian,5,1.7,True
2015,9,Black,2,,True
2015,9,Mixed_or_multiple,10,3.7,True
2015,9,Any_Other_ethnic_group,3,5.1,True
2015,9,White,98,2.2,False
2015,10,Asian,11,4.2,True
2015,10,Black,3,7.7,True
2015,10,Mixed_or_multiple,6,2.4,True
2015,10,Any_Other_ethnic_group,1,,True
2015,10,White,98,2.5,False
2015,Total,Asian,367,4.8,False
2015,Total,Black,178,5.4,False
2015,Total,Mixed_or_multiple,149,3.8,False
2015,Total,Any_Other_ethnic_group,55,3.6,False
2015,Total,White,1484,3.1,False
2014,1,Asian,116,7.4,False
2014,1,Black,67,8.5,False
2014,1,Mixed_or_multiple,27,4.9,False
2014,1,Any_Other_ethnic_group,22,6.3,False
2014,1,White,249,4.3,False
2014,2,Asian,88,6.4,False
2014,2,Black,48,5.6,False
2014,2,Mixed_or_multiple,16,3.0,True
2014,2,Any_Other_ethnic_group,7,2.6,True
2014,2,White,178,3.4,False
2014,3,Asian,35,2.9,False
2014,3,Black,32,5.3,False
2014,3,Mixed_or_multiple,12,2.5,True
2014,3,Any_Other_ethnic_group,8,3.6,True
2014,3,White,152,3.0,False
2014,4,Asian,38,4.2,False
2014,4,Black,19,5.1,True
2014,4,Mixed_or_multiple,12,2.9,True
2014,4,Any_Other_ethnic_group,10,5.9,True
2014,4,White,161,3.2,False
2014,5,Asian,34,4.8,False
2014,5,Black,12,4.9,True
2014,5,Mixed_or_multiple,9,2.7,True
2014,5,Any_Other_ethnic_group,3,2.4,True
2014,5,White,166,3.5,False
2014,6,Asian,19,3.6,True
2014,6,Black,12,7.9,True
2014,6,Mixed_or_multiple,3,1.0,True
2014,6,Any_Other_ethnic_group,2,,True
2014,6,White,137,2.9,False
2014,7,Asian,10,2.6,True
2014,7,Black,7,6.4,True
2014,7,Mixed_or_multiple,6,2.1,True
2014,7,Any_Other_ethnic_group,3,3.6,True
2014,7,White,125,2.8,False
2014,8,Asian,11,3.1,True
2014,8,Black,11,13.2,True
2014,8,Mixed_or_multiple,9,3.3,True
2014,8,Any_Other_ethnic_group,0,,True
2014,8,White,130,2.9,False
2014,9,Asian,4,1.3,True
2014,9,Black,4,5.8,True
2014,9,Mixed_or_multiple,10,4.0,True
2014,9,Any_Other_ethnic_group,3,5.1,True
2014,9,White,112,2.6,False
2014,10,Asian,11,4.3,True
2014,10,Black,1,,True
2014,10,Mixed_or_multiple,9,3.9,True
2014,10,Any_Other_ethnic_group,2,,True
2014,10,White,88,2.3,False
2014,Total,Asian,366,4.8,False
2014,Total,Black,213,6.4,False
2014,Total,Mixed_or_multiple,113,3.1,False
2014,Total,Any_Other_ethnic_group,60,4.0,False
2014,Total,White,1498,3.1,False
2013,1,Asian,107,6.6,False
2013,1,Black,53,6.6,False
2013,1,Mixed_or_multiple,30,5.5,False
2013,1,Any_Other_ethnic_group,17,5.2,True
2013,1,White,264,4.5,False
2013,2,Asian,86,6.2,False
2013,2,Black,63,7.0,False
2013,2,Mixed_or_multiple,24,4.8,False
2013,2,Any_Other_ethnic_group,13,5.4,True
2013,2,White,208,3.9,False
2013,3,Asian,59,4.8,False
2013,3,Black,43,6.5,False
2013,3,Mixed_or_multiple,12,2.7,True
2013,3,Any_Other_ethnic_group,9,4.3,True
2013,3,White,172,3.3,False
2013,4,Asian,47,5.2,False
2013,4,Black,29,7.6,False
2013,4,Mixed_or_multiple,14,3.6,True
2013,4,Any_Other_ethnic_group,2,,True
2013,4,White,173,3.4,False
2013,5,Asian,29,4.2,False
2013,5,Black,12,4.8,True
2013,5,Mixed_or_multiple,12,3.6,True
2013,5,Any_Other_ethnic_group,7,5.4,True
2013,5,White,140,2.9,False
2013,6,Asian,25,4.8,False
2013,6,Black,7,4.3,True
2013,6,Mixed_or_multiple,10,3.4,True
2013,6,Any_Other_ethnic_group,4,3.9,True
2013,6,White,132,2.7,False
2013,7,Asian,16,4.1,True
2013,7,Black,8,7.6,True
2013,7,Mixed_or_multiple,13,4.8,True
2013,7,Any_Other_ethnic_group,2,,True
2013,7,White,110,2.5,False
2013,8,Asian,20,5.7,False
2013,8,Black,7,8.3,True
2013,8,Mixed_or_multiple,5,1.9,True
2013,8,Any_Other_ethnic_group,3,4.7,True
2013,8,White,126,2.8,False
2013,9,Asian,10,3.5,True
2013,9,Black,1,,True
2013,9,Mixed_or_multiple,6,2.5,True
2013,9,Any_Other_ethnic_group,0,,True
2013,9,White,113,2.6,False
2013,10,Asian,6,2.4,True
2013,10,Black,1,,True
2013,10,Mixed_or_multiple,5,2.3,True
2013,10,Any_Other_ethnic_group,1,,True
2013,10,White,111,2.8,False
2013,Total,Asian,405,5.3,False
2013,Total,Black,224,6.5,False
2013,Total,Mixed_or_multiple,131,3.7,False
2013,Total,Any_Other_ethnic_group,58,4.1,False
2013,Total,White,1549,3.2,False
2012,1,Asian,118,7.1,False
2012,1,Black,52,6.2,False
2012,1,Mixed_or_multiple,31,5.5,False
2012,1,Any_Other_ethnic_group,15,4.8,True
2012,1,White,299,4.8,False
2012,2,Asian,87,6.1,False
2012,2,Black,59,6.2,False
2012,2,Mixed_or_multiple,31,5.8,False
2012,2,Any_Other_ethnic_group,11,4.6,True
2012,2,White,241,4.3,False
2012,3,Asian,60,4.7,False
2012,3,Black,49,7.3,False
2012,3,Mixed_or_multiple,19,4.2,True
2012,3,Any_Other_ethnic_group,11,5.5,True
2012,3,White,193,3.5,False
2012,4,Asian,45,4.7,False
2012,4,Black,24,5.8,False
2012,4,Mixed_or_multiple,21,5.2,False
2012,4,Any_Other_ethnic_group,4,2.7,True
2012,4,White,174,3.3,False
2012,5,Asian,31,4.4,False
2012,5,Black,12,4.5,True
2012,5,Mixed_or_multiple,14,4.0,True
2012,5,Any_Other_ethnic_group,3,2.5,True
2012,5,White,153,3.0,False
2012,6,Asian,27,5.2,False
2012,6,Black,12,7.2,True
2012,6,Mixed_or_multiple,16,5.3,True
2012,6,Any_Other_ethnic_group,3,3.1,True
2012,6,White,139,2.8,False
2012,7,Asian,21,5.2,False
2012,7,Black,5,4.5,True
2012,7,Mixed_or_multiple,6,2.3,True
2012,7,Any_Other_ethnic_group,3,4.0,True
2012,7,White,137,2.9,False
2012,8,Asian,12,3.5,True
2012,8,Black,3,3.4,True
2012,8,Mixed_or_multiple,10,3.7,True
2012,8,Any_Other_ethnic_group,4,6.2,True
2012,8,White,129,2.7,False
2012,9,Asian,10,3.4,True
2012,9,Black,4,5.7,True
2012,9,Mixed_or_multiple,8,3.3,True
2012,9,Any_Other_ethnic_group,4,6.5,True
2012,9,White,135,3.0,False
2012,10,Asian,6,2.4,True
2012,10,Black,2,,True
2012,10,Mixed_or_multiple,7,3.0,True
2012,10,Any_Other_ethnic_group,0,,True
2012,10,White,119,2.9,False
2012,Total,Asian,417,5.3,False
2012,Total,Black,222,6.1,False
2012,Total,Mixed_or_multiple,163,4.5,False
2012,Total,Any_Other_ethnic_group,58,4.3,False
2012,Total,White,1719,3.4,False
2011,1,Asian,146,9.1,False
2011,1,Black,61,7.4,False
2011,1,Mixed_or_multiple,33,6.2,False
2011,1,Any_Other_ethnic_group,17,5.7,True
2011,1,White,278,4.5,False
2011,2,Asian,71,5.1,False
2011,2,Black,67,7.1,False
2011,2,Mixed_or_multiple,22,4.4,False
2011,2,Any_Other_ethnic_group,14,6.2,True
2011,2,White,249,4.5,False
2011,3,Asian,61,5.0,False
2011,3,Black,49,7.4,False
2011,3,Mixed_or_multiple,12,2.7,True
2011,3,Any_Other_ethnic_group,8,4.3,True
2011,3,White,233,4.3,False
2011,4,Asian,41,4.5,False
2011,4,Black,31,7.3,False
2011,4,Mixed_or_multiple,16,4.2,True
2011,4,Any_Other_ethnic_group,3,2.1,True
2011,4,White,212,4.0,False
2011,5,Asian,34,5.0,False
2011,5,Black,23,8.6,False
2011,5,Mixed_or_multiple,9,2.8,True
2011,5,Any_Other_ethnic_group,9,8.2,True
2011,5,White,167,3.4,False
2011,6,Asian,28,5.5,False
2011,6,Black,11,6.7,True
2011,6,Mixed_or_multiple,11,3.9,True
2011,6,Any_Other_ethnic_group,7,7.9,True
2011,6,White,165,3.3,False
2011,7,Asian,15,3.9,True
2011,7,Black,2,,True
2011,7,Mixed_or_multiple,14,5.6,True
2011,7,Any_Other_ethnic_group,2,,True
2011,7,White,135,2.9,False
2011,8,Asian,9,2.7,True
2011,8,Black,6,7.1,True
2011,8,Mixed_or_multiple,5,2.1,True
2011,8,Any_Other_ethnic_group,2,,True
2011,8,White,135,2.9,False
2011,9,Asian,14,5.0,True
2011,9,Black,5,7.4,True
2011,9,Mixed_or_multiple,7,3.2,True
2011,9,Any_Other_ethnic_group,2,,True
2011,9,White,130,2.9,False
2011,10,Asian,3,1.3,True
2011,10,Black,1,,True
2011,10,Mixed_or_multiple,8,3.9,True
2011,10,Any_Other_ethnic_group,0,,True
2011,10,White,106,2.5,False
2011,Total,Asian,422,5.6,False
2011,Total,Black,256,7.1,False
2011,Total,Mixed_or_multiple,137,4.1,False
2011,Total,Any_Other_ethnic_group,64,4.9,False
2011,Total,White,1810,3.6,False
2010,1,Asian,131,7.3,False
2010,1,Black,68,7.0,False
2010,1,Mixed_or_multiple,27,5.2,False
2010,1,Any_Other_ethnic_group,11,3.3,True
2010,1,White,327,5.4,False
2010,2,Asian,82,6.1,False
2010,2,Black,51,5.3,False
2010,2,Mixed_or_multiple,32,6.8,False
2010,2,Any_Other_ethnic_group,11,4.2,True
2010,2,White,241,4.4,False
2010,3,Asian,79,7.6,False
2010,3,Black,42,6.4,False
2010,3,Mixed_or_multiple,21,5.1,False
2010,3,Any_Other_ethnic_group,10,4.8,True
2010,3,White,208,3.9,False
2010,4,Asian,57,7.3,False
2010,4,Black,31,8.0,False
2010,4,Mixed_or_multiple,16,4.5,True
2010,4,Any_Other_ethnic_group,5,3.4,True
2010,4,White,202,3.8,False
2010,5,Asian,35,5.6,False
2010,5,Black,19,7.7,True
2010,5,Mixed_or_multiple,9,2.9,True
2010,5,Any_Other_ethnic_group,4,3.6,True
2010,5,White,168,3.3,False
2010,6,Asian,35,7.3,False
2010,6,Black,4,2.7,True
2010,6,Mixed_or_multiple,8,3.0,True
2010,6,Any_Other_ethnic_group,3,3.3,True
2010,6,White,168,3.5,False
2010,7,Asian,14,4.1,True
2010,7,Black,11,11.9,True
2010,7,Mixed_or_multiple,8,3.7,True
2010,7,Any_Other_ethnic_group,4,5.4,True
2010,7,White,148,3.2,False
2010,8,Asian,10,3.5,True
2010,8,Black,3,3.9,True
2010,8,Mixed_or_multiple,6,2.8,True
2010,8,Any_Other_ethnic_group,2,,True
2010,8,White,157,3.5,False
2010,9,Asian,8,3.2,True
2010,9,Black,1,,True
2010,9,Mixed_or_multiple,6,2.9,True
2010,9,Any_Other_ethnic_group,0,,True
2010,9,White,132,2.9,False
2010,10,Asian,10,4.5,True
2010,10,Black,5,8.8,True
2010,10,Mixed_or_multiple,7,3.7,True
2010,10,Any_Other_ethnic_group,1,,True
2010,10,White,85,2.0,False
2010,Total,Asian,461,6.4,False
2010,Total,Black,235,6.4,False
2010,Total,Mixed_or_multiple,140,4.4,False
2010,Total,Any_Other_ethnic_group,51,3.7,False
2010,Total,White,1836,3.7,False
2009,1,Asian,136,7.3,False
2009,1,Black,70,7.3,False
2009,1,Mixed_or_multiple,22,4.6,False
2009,1,Any_Other_ethnic_group,14,4.1,True
2009,1,White,297,5.1,False
2009,2,Asian,83,6.3,False
2009,2,Black,63,6.6,False
2009,2,Mixed_or_multiple,29,6.6,False
2009,2,Any_Other_ethnic_group,15,5.4,True
2009,2,White,238,4.5,False
2009,3,Asian,51,5.0,False
2009,3,Black,53,8.0,False
2009,3,Mixed_or_multiple,17,4.4,True
2009,3,Any_Other_ethnic_group,12,5.8,True
2009,3,White,231,4.5,False
2009,4,Asian,41,5.5,False
2009,4,Black,34,8.8,False
2009,4,Mixed_or_multiple,15,4.6,True
2009,4,Any_Other_ethnic_group,5,3.3,True
2009,4,White,201,4.0,False
2009,5,Asian,33,5.5,False
2009,5,Black,18,7.1,True
2009,5,Mixed_or_multiple,23,8.3,False
2009,5,Any_Other_ethnic_group,11,9.4,True
2009,5,White,170,3.5,False
2009,6,Asian,26,5.7,False
2009,6,Black,17,12.3,True
2009,6,Mixed_or_multiple,14,5.7,True
2009,6,Any_Other_ethnic_group,2,,True
2009,6,White,152,3.3,False
2009,7,Asian,20,6.4,False
2009,7,Black,6,6.6,True
2009,7,Mixed_or_multiple,4,2.0,True
2009,7,Any_Other_ethnic_group,4,5.4,True
2009,7,White,141,3.2,False
2009,8,Asian,11,4.2,True
2009,8,Black,6,8.3,True
2009,8,Mixed_or_multiple,6,3.0,True
2009,8,Any_Other_ethnic_group,2,,True
2009,8,White,138,3.2,False
2009,9,Asian,6,2.5,True
2009,9,Black,5,7.6,True
2009,9,Mixed_or_multiple,3,1.6,True
2009,9,Any_Other_ethnic_group,3,5.3,True
2009,9,White,148,3.4,False
2009,10,Asian,7,3.4,True
2009,10,Black,9,19.8,True
2009,10,Mixed_or_multiple,9,5.1,True
2009,10,Any_Other_ethnic_group,3,5.1,True
2009,10,White,118,2.8,False
2009,Total,Asian,414,5.9,False
2009,Total,Black,281,7.7,False
2009,Total,Mixed_or_multiple,142,4.9,False
2009,Total,Any_Other_ethnic_group,71,4.9,False
2009,Total,White,1834,3.8,False
2008,1,Asian,172,9.3,False
2008,1,Black,85,8.8,False
2008,1,Mixed_or_multiple,40,9.1,False
2008,1,Any_Other_ethnic_group,19,5.6,True
2008,1,White,329,5.8,False
2008,2,Asian,75,5.7,False
2008,2,Black,79,8.3,False
2008,2,Mixed_or_multiple,34,8.0,False
2008,2,Any_Other_ethnic_group,11,4.0,True
2008,2,White,240,4.7,False
2008,3,Asian,56,6.0,False
2008,3,Black,54,8.1,False
2008,3,Mixed_or_multiple,11,3.0,True
2008,3,Any_Other_ethnic_group,10,4.8,True
2008,3,White,205,4.2,False
2008,4,Asian,45,6.3,False
2008,4,Black,29,7.9,False
2008,4,Mixed_or_multiple,15,5.0,True
2008,4,Any_Other_ethnic_group,6,4.0,True
2008,4,White,204,4.3,False
2008,5,Asian,32,5.7,False
2008,5,Black,15,6.2,True
2008,5,Mixed_or_multiple,15,5.6,True
2008,5,Any_Other_ethnic_group,10,8.1,True
2008,5,White,169,3.7,False
2008,6,Asian,21,4.9,False
2008,6,Black,12,8.3,True
2008,6,Mixed_or_multiple,5,2.4,True
2008,6,Any_Other_ethnic_group,2,,True
2008,6,White,137,3.1,False
2008,7,Asian,10,3.4,True
2008,7,Black,10,11.7,True
2008,7,Mixed_or_multiple,3,1.5,True
2008,7,Any_Other_ethnic_group,4,5.7,True
2008,7,White,132,3.1,False
2008,8,Asian,10,4.0,True
2008,8,Black,5,7.0,True
2008,8,Mixed_or_multiple,7,3.8,True
2008,8,Any_Other_ethnic_group,2,,True
2008,8,White,129,3.0,False
2008,9,Asian,8,3.7,True
2008,9,Black,4,6.9,True
2008,9,Mixed_or_multiple,8,4.5,True
2008,9,Any_Other_ethnic_group,0,,True
2008,9,White,133,3.1,False
2008,10,Asian,7,3.6,True
2008,10,Black,2,,True
2008,10,Mixed_or_multiple,8,4.8,True
2008,10,Any_Other_ethnic_group,1,,True
2008,10,White,122,2.9,False
2008,Total,Asian,436,6.5,False
2008,Total,Black,295,8.2,False
2008,Total,Mixed_or_multiple,146,5.3,False
2008,Total,Any_Other_ethnic_group,65,4.5,False
2008,Total,White,1800,3.9,False
2007,1,Asian,161,9.0,False
2007,1,Black,64,6.8,False
2007,1,Mixed_or_multiple,20,4.6,False
2007,1,Any_Other_ethnic_group,17,5.4,True
2007,1,White,307,5.5,False
2007,2,Asian,89,7.1,False
2007,2,Black,81,8.5,False
2007,2,Mixed_or_multiple,32,8.2,False
2007,2,Any_Other_ethnic_group,8,3.0,True
2007,2,White,213,4.3,False
2007,3,Asian,59,6.5,False
2007,3,Black,42,6.6,False
2007,3,Mixed_or_multiple,14,4.0,True
2007,3,Any_Other_ethnic_group,10,4.8,True
2007,3,White,207,4.4,False
2007,4,Asian,41,6.0,False
2007,4,Black,23,6.3,False
2007,4,Mixed_or_multiple,14,5.0,True
2007,4,Any_Other_ethnic_group,7,4.5,True
2007,4,White,177,3.9,False
2007,5,Asian,25,4.6,False
2007,5,Black,13,5.4,True
2007,5,Mixed_or_multiple,13,5.6,True
2007,5,Any_Other_ethnic_group,6,4.9,True
2007,5,White,156,3.5,False
2007,6,Asian,21,5.1,False
2007,6,Black,3,2.3,True
2007,6,Mixed_or_multiple,10,5.1,True
2007,6,Any_Other_ethnic_group,4,4.5,True
2007,6,White,167,3.9,False
2007,7,Asian,15,5.6,True
2007,7,Black,4,4.9,True
2007,7,Mixed_or_multiple,10,5.8,True
2007,7,Any_Other_ethnic_group,5,6.6,True
2007,7,White,129,3.1,False
2007,8,Asian,13,5.3,True
2007,8,Black,3,4.5,True
2007,8,Mixed_or_multiple,1,,True
2007,8,Any_Other_ethnic_group,2,,True
2007,8,White,156,3.7,False
2007,9,Asian,6,3.0,True
2007,9,Black,1,,True
2007,9,Mixed_or_multiple,10,6.4,True
2007,9,Any_Other_ethnic_group,0,,True
2007,9,White,144,3.4,False
2007,10,Asian,6,3.1,True
2007,10,Black,4,8.1,True
2007,10,Mixed_or_multiple,2,,True
2007,10,Any_Other_ethnic_group,1,,True
2007,10,White,107,2.5,False
2007,Total,Asian,436,6.7,False
2007,Total,Black,238,6.8,False
2007,Total,Mixed_or_multiple,126,5.0,False
2007,Total,Any_Other_ethnic_group,60,4.3,False
2007,Total,White,1763,3.9,False
1 Unlinked deaths refer to infant deaths that did not link to either a birth registration or birth notification. ,,Asian,,,False
1 Unlinked deaths refer to infant deaths that did not link to either a birth registration or birth notification. ,,Black,,,False
1 Unlinked deaths refer to infant deaths that did not link to either a birth registration or birth notification. ,,Mixed_or_multiple,,,False
1 Unlinked deaths refer to infant deaths that did not link to either a birth registration or birth notification. ,,Any_Other_ethnic_group,,,False
1 Unlinked deaths refer to infant deaths that did not link to either a birth registration or birth notification. ,,White,,,False
"2 Deaths per 1,000 live births",,Asian,,,False
"2 Deaths per 1,000 live births",,Black,,,False
"2 Deaths per 1,000 live births",,Mixed_or_multiple,,,False
"2 Deaths per 1,000 live births",,Any_Other_ethnic_group,,,False
"2 Deaths per 1,000 live births",,White,,,False
"3 Rates will differ from other rates presented in infant mortality death cohort tables. This is because rates are calculated using birth notifications linked to birth registrations, a true birth cohort, rather than our annual birth registrations files which include late registrations. Live births used to calculate rates can be found in Table 3.",,Asian,,,False
"3 Rates will differ from other rates presented in infant mortality death cohort tables. This is because rates are calculated using birth notifications linked to birth registrations, a true birth cohort, rather than our annual birth registrations files which include late registrations. Live births used to calculate rates can be found in Table 3.",,Black,,,False
"3 Rates will differ from other rates presented in infant mortality death cohort tables. This is because rates are calculated using birth notifications linked to birth registrations, a true birth cohort, rather than our annual birth registrations files which include late registrations. Live births used to calculate rates can be found in Table 3.",,Mixed_or_multiple,,,False
"3 Rates will differ from other rates presented in infant mortality death cohort tables. This is because rates are calculated using birth notifications linked to birth registrations, a true birth cohort, rather than our annual birth registrations files which include late registrations. Live births used to calculate rates can be found in Table 3.",,Any_Other_ethnic_group,,,False
"3 Rates will differ from other rates presented in infant mortality death cohort tables. This is because rates are calculated using birth notifications linked to birth registrations, a true birth cohort, rather than our annual birth registrations files which include late registrations. Live births used to calculate rates can be found in Table 3.",,White,,,False
4 Deprivation deciles have been calculated separately for Lower Super Output Areas (LSOAs) in England and for Lower Super Output Areas (LSOAs) in Wales as their IMDs are not comparable.  More information is available in the Information tab.,,Asian,,,False
4 Deprivation deciles have been calculated separately for Lower Super Output Areas (LSOAs) in England and for Lower Super Output Areas (LSOAs) in Wales as their IMDs are not comparable.  More information is available in the Information tab.,,Black,,,False
4 Deprivation deciles have been calculated separately for Lower Super Output Areas (LSOAs) in England and for Lower Super Output Areas (LSOAs) in Wales as their IMDs are not comparable.  More information is available in the Information tab.,,Mixed_or_multiple,,,False
4 Deprivation deciles have been calculated separately for Lower Super Output Areas (LSOAs) in England and for Lower Super Output Areas (LSOAs) in Wales as their IMDs are not comparable.  More information is available in the Information tab.,,Any_Other_ethnic_group,,,False
4 Deprivation deciles have been calculated separately for Lower Super Output Areas (LSOAs) in England and for Lower Super Output Areas (LSOAs) in Wales as their IMDs are not comparable.  More information is available in the Information tab.,,White,,,False
"5 IMD decile range from 1 to 10, 1 being the most deprived and 10 being the least deprived. More information is available in the Information tab.  ",,Asian,,,False
"5 IMD decile range from 1 to 10, 1 being the most deprived and 10 being the least deprived. More information is available in the Information tab.  ",,Black,,,False
"5 IMD decile range from 1 to 10, 1 being the most deprived and 10 being the least deprived. More information is available in the Information tab.  ",,Mixed_or_multiple,,,False
"5 IMD decile range from 1 to 10, 1 being the most deprived and 10 being the least deprived. More information is available in the Information tab.  ",,Any_Other_ethnic_group,,,False
"5 IMD decile range from 1 to 10, 1 being the most deprived and 10 being the least deprived. More information is available in the Information tab.  ",,White,,,False
"6 For 2007 to 2010, the English indices of deprivation 2010 have been used;",,Asian,,,False
"6 For 2007 to 2010, the English indices of deprivation 2010 have been used;",,Black,,,False
"6 For 2007 to 2010, the English indices of deprivation 2010 have been used;",,Mixed_or_multiple,,,False
"6 For 2007 to 2010, the English indices of deprivation 2010 have been used;",,Any_Other_ethnic_group,,,False
"6 For 2007 to 2010, the English indices of deprivation 2010 have been used;",,White,,,False
"for the years 2011 to 2015, the English indices of deprivation 2015 have been used;",,Asian,,,False
"for the years 2011 to 2015, the English indices of deprivation 2015 have been used;",,Black,,,False
"for the years 2011 to 2015, the English indices of deprivation 2015 have been used;",,Mixed_or_multiple,,,False
"for the years 2011 to 2015, the English indices of deprivation 2015 have been used;",,Any_Other_ethnic_group,,,False
"for the years 2011 to 2015, the English indices of deprivation 2015 have been used;",,White,,,False
whilst the English indices of deprivation 2019 have been used for 2016 to 2019. These are very similar but not directly comparable.,,Asian,,,False
whilst the English indices of deprivation 2019 have been used for 2016 to 2019. These are very similar but not directly comparable.,,Black,,,False
whilst the English indices of deprivation 2019 have been used for 2016 to 2019. These are very similar but not directly comparable.,,Mixed_or_multiple,,,False
whilst the English indices of deprivation 2019 have been used for 2016 to 2019. These are very similar but not directly comparable.,,Any_Other_ethnic_group,,,False
whilst the English indices of deprivation 2019 have been used for 2016 to 2019. These are very similar but not directly comparable.,,White,,,False
7 Figures exclude deaths of non-residents of England and Wales based on boundaries as of February 2021.,,Asian,,,False
7 Figures exclude deaths of non-residents of England and Wales based on boundaries as of February 2021.,,Black,,,False
7 Figures exclude deaths of non-residents of England and Wales based on boundaries as of February 2021.,,Mixed_or_multiple,,,False
7 Figures exclude deaths of non-residents of England and Wales based on boundaries as of February 2021.,,Any_Other_ethnic_group,,,False
7 Figures exclude deaths of non-residents of England and Wales based on boundaries as of February 2021.,,White,,,False
Source: Office for National Statistics (ONS),,Asian,,,False
Source: Office for National Statistics (ONS),,Black,,,False
Source: Office for National Statistics (ONS),,Mixed_or_multiple,,,False
Source: Office for National Statistics (ONS),,Any_Other_ethnic_group,Released: 26 May 2021,,False
Source: Office for National Statistics (ONS),,White,,,False
